id,CT,HarNgn2
868908763,+8*10/3-9*10/3,1.6765044385539485
813658337,+6*21/30+10*17/22,1.6320784878654937
1504253483,+2*21*21*24/11/30,1.620103638688103
523365211,+0*13/33+22*24/29,1.6193241385578951
1568371160,-3*33*33*34/1/30,1.618701056625563
641868494,+2*22/14-3*21/7,1.6152429871460023
604695643,+1*31/33-3*10/8,1.6099089867254786
1477437879,-19*30/1-32*33/34,1.6099019416764515
1468614512,-16*30/1-26*32/34,1.6099019416764515
884493269,+8*22/3-9*12/11,1.6080223691060642
22407503,-2*3*9/8/11,1.6080223691060642
1546985547,-0*3*9*16/8/11,1.6080223691060642
1144802728,+20*21/30-12*14/13,1.60715336060987
1501855744,+2*8*10*31/3/25,1.6068174469834868
777981540,+5*24/10+6*21/30,1.605538037859933
870277759,+8*11/3-9*14/10,1.6046840807484335
870277919,+8*11/3-9*19/4,1.6046840807484335
590230078,+1*21/29+24*24/11,1.603232772690766
576649803,+1*13/3+10*13/30,1.6029045328957638
537842238,+0*22/33+1*13/3,1.6029045328957638
576653074,+1*13/3+14*22/30,1.6029045328957638
534613386,+0*20/30+1*13/3,1.6029045328957638
603333993,+1*30/33-2*3/8,1.6024435117667235
940195349,+10*17/18-9*25/1,1.6022146327011315
197622175,+1*8-8*12-13*32,1.6009031835763443
583775754,+1*17/22+1*22/24,1.5989490247578455
591523211,+1*22/24+10*21/22,1.5989490247578455
569457848,+1*8/33-12*22/25,1.5965472021484957
1109693941,+17*31/11-9*19/8,1.5940208643593674
682396887,+3*17/22+6*21/33,1.5937883957727648
778550399,+5*24/27+6*21/33,1.593756167940761
1566060177,-3*9*18*30/8/11,1.5928107784025478
1566086635,-3*9*20*33/8/11,1.5928107784025478
583786604,+1*17/22+13*21/3,1.5918740105364373
1312906629,-2*29/30-14*26/1,1.5917881419736528
1566125762,-3*9*25*26/8/11,1.59120593753466
1535767716,+12*20*20*21*22/11,1.5910231250069415
1503483594,+2*14*24*24/10/11,1.588744802615525
525035561,+0*14/33+12*17/22,1.5872871744436663
851062576,+7*22/21+9*20/2,1.5864722770816817
577125747,+1*13/16+4*24/11,1.586389268381738
606207622,+1*33/3+4*24/11,1.586389268381738
556442028,+1*1/19+4*24/11,1.586389268381738
525029784,+0*14/33+5*24/27,1.58530509828196
214076002,+1*31+17*22-19*21,1.585127513378534
569328826,+1*8/30-3*13/21,1.5849788808788836
1504263573,+2*21*22*24/11/33,1.584536001646096
1237368961,+33*33/14-0*30/1,1.5840563786481274
197549895,+1*8-2*30-4*13,1.5834866233624754
511150964,+0*6/33+9*19/2,1.5831331384265217
868904330,+8*10/3-4*15/31,1.5830959135594769
868902251,+8*10/3-2*15/33,1.5830959135594769
868906062,+8*10/3-6*9/12,1.5830959135594769
1246680797,-0*8*17-8*24*29,1.5830418142538374
1493241940,+1*1*8*9*22/3,1.5822946879883677
18396410,+8*22*31/3/33,1.5816187362275769
197555654,+1*8-3*8-33*33,1.5815414414533937
1194682687,+24*30/33-9*10/11,1.5815362606449328
1086080845,+16*24/18-9*10/11,1.5815362606449328
591521476,+1*22/24+8*20/3,1.5814636041921095
850370484,+7*22*33-7*7*33,1.58107016882675
569449523,+1*8/33-3*13/25,1.5795330781366417
591690497,+1*22/28+24*24/11,1.5793865521937116
816697532,+6*24/4-1*19/7,1.5791392655942778
816705856,+6*24/4-10*10/7,1.5791392655942778
1544381865,+24*24*24*25/11/19,1.5789488617834326
1544380902,+24*24*24*24/11/16,1.5789488617834326
1534669805,+12*12*21*21*25/11,1.5787845064509476
1448036759,-12*31/1-19*33/16,1.5778793437338123
1150889126,+20*28/21-27*32/17,1.5778429906372229
568662514,+1*8/14+1*28/33,1.5777076165958677
568264868,+1*8/3+6*21/33,1.5773285634249388
204242179,+1*17-9*12-21*29,1.5766919349974542
571328651,+1*10*17-9*10*12,1.5754415230399836
604695279,+1*31/33-2*31/8,1.5751227586355647
604630579,+1*31/30-21*25/8,1.5751227586355647
1513762195,+4*21*24*24/10/11,1.5748899545153765
1430050568,-10*24/26-19*30/1,1.5748215070439475
1459731497,-14*30/1-17*20/26,1.5748215070439475
1421698947,-9*28/8-23*33/11,1.5747191720676983
1398556096,-7*28/11-9*28/8,1.5747191720676983
1362249011,-5*15/11-9*28/8,1.5747191720676983
1567921329,-3*19*33*34/1/16,1.5741893816806896
1192379527,+24*28/0-8*21/7,1.574129486427774
511142004,+0*6/33+0*17/29,1.573995285086744
525033777,+0*14/33+10*10/22,1.5737362929786622
851061388,+7*22/21+8*10/3,1.5733278336581835
851083826,+7*22/21-9*32/34,1.5729419439234578
568581982,+1*8/12+1*27/33,1.5728086037204194
19871265,+14*21*22*24/11,1.5724418284423458
523229844,+0*13/30+5*24/27,1.572288043906328
1017501356,+13*17/22+22*25/24,1.572062826911015
1510829983,+4*6*21*22*24/11,1.5720148026462597
1538459531,+14*19*21*24/11/33,1.5720148026462597
888113752,+8*25/3-17*17/24,1.571690198902787
888107801,+8*25/3-9*9/21,1.571690198902787
888089227,+8*25/3+11*28/24,1.571690198902787
888098057,+8*25/3+29*34/24,1.571690198902787
736449396,+4*24/11+7*8/3,1.5716228488700412
511147520,+0*6/33+5*24/29,1.5714285776134584
1100274401,+17*21/10-1*1/11,1.5713619627388486
1497137164,+1*10*30*31/7/19,1.571225568063519
592380236,+1*23/7+24*28/21,1.5711528364094365
197514433,+1*8-0*33-6*24,1.5707700610978903
1163184605,+21*28/30-8*30/12,1.570560703838277
568662478,+1*8/14+1*27/30,1.570434644764214
19831849,+14*18*20*21/11,1.5694734414047122
15737172,+2*16*20*21/11,1.5694734414047122
1542033613,+18*20*21*22*30/11,1.5694734414047122
1538110295,+14*16*20*21*30/11,1.5694734414047122
1272368881,-1*6/26-21*21/17,1.5692755955573914
639965333,+2*21/3+4*24/11,1.5685122198849577
197607153,+1*8-6*29-9*19,1.5684691579781969
569449235,+1*8/33-3*4/34,1.5673761572007583
569459223,+1*8/33-14*21/10,1.5673761572007583
1200821473,+25*28/21-28*31/17,1.566267097404039
1572055430,-4*16*26*32/21/34,1.5659864948880895
1572760777,-4*25*32*33/21/34,1.5659864948880895
1566062004,-3*9*18*33/11/13,1.5654528267145376
771834135,+5*19/26+7*22/21,1.565345861051073
197512795,+1*8-0*30-12*24,1.5650867066060632
958224701,+10*33/18-28*30/1,1.5647836093075662
1597605079,-14*24*32*33*33/0,1.564716869079502
1603218914,-24*25*30*30*32/0,1.564716869079502
600454976,+1*28/30-8*30/3,1.564637765220941
813656883,+6*21/30+8*24/21,1.5643688390940984
1158008398,+21*22/33-12*14/13,1.5639632054728312
591059875,+1*22/11-3*12/24,1.5639535325485248
1566028033,-3*9*16*26/11/13,1.563902614731432
604616667,+1*31/30-3*9/8,1.5637141578520264
955062237,+10*30/18-4*10/1,1.56368491878687
1168771679,+22*22/19-3*9/7,1.56359003380077
627304854,+2*12/33+24*24/11,1.563220403181845
627187894,+2*12/30+24*26/11,1.563220403181845
1328963544,-3*21/16-20*30/1,1.5630636753670928
1192866352,+24*28/21-17*22/7,1.5626177113555346
1587424749,-9*12*12*33/11/13,1.5625445530192754
564454492,+1*6*17-2*9*12,1.5622622878951116
1509427107,+3*24*24*24/11/12,1.5621444637620818
588759699,+1*20/30-3*6/8,1.562098196891446
568987488,+1*8/22+4*24/11,1.561973451201999
588878346,+1*20/33-2*12/8,1.5619415350247288
604625422,+1*31/30-12*31/8,1.5619415350247288
545757743,+0*28/7+4*30/21,1.5618439468177552
1496385512,+1*8*13*22/3/31,1.561551661319064
591518327,+1*22/24+5*8/27,1.5614929739421166
577499990,+1*13/25+24*24/11,1.5610603597122314
1071856425,+15*29/5+24*31/21,1.5605661090540692
846412834,+7*19*22-7*7*16,1.5604857848056062
1469725899,-17*17/26-18*30/1,1.5602769836922925
1468610370,-16*30/1-17*24/26,1.5602769836922925
1254839849,-0*17/26-19*30/1,1.5602769836922925
940542027,+10*17/29-12*18/13,1.5601260924373668
1543577384,+21*22*24*28/11/13,1.560125702812522
1068067556,+15*25/8-14*33/1,1.559807136055015
733793664,+4*22/12-2*28/10,1.5597615917728231
210626074,+1*26-0*14-3*29,1.559487521331357
868910930,+8*10/3-11*26/24,1.559316664054205
884478394,+8*22/3+17*20/11,1.5592873661733395
1572491365,-4*20*30*32/21/34,1.5592322679826318
1503985298,+2*18*20*20/11/30,1.558811845798593
1459045720,-14*27/8-18*33/1,1.5587550874611755
1459733233,-14*30/1-20*25/8,1.5587550874611755
1460444268,-14*33/1-16*24/8,1.5587550874611755
1459732836,-14*30/1-19*28/8,1.5587550874611755
1474053164,-18*24/8-18*33/1,1.5587550874611755
1448942764,-12*34/8-16*33/1,1.5587550874611755
1481389247,-21*33/1-25*25/8,1.5587550874611755
1479942484,-20*34/8-21*30/1,1.5587550874611755
1469193583,-16*33/1-19*27/8,1.5587550874611755
1479217297,-20*28/8-21*33/1,1.5587550874611755
1333080704,-3*28/8-19*33/1,1.5587550874611755
1330687935,-3*24/8-14*30/1,1.5587550874611755
1326246135,-3*17/8-14*33/1,1.5587550874611755
1447219275,-12*28/8-18*33/1,1.5587550874611755
1525026949,+8*8*10*25/3/12,1.5585305833425442
438606732,+22*34-0*27-3*9,1.558356147041063
591546451,+1*22/24-13*25/26,1.5582470948392049
525038682,+0*14/33+16*30/2,1.5581793117951854
720614045,+4*13/3-9*12/11,1.558179281232229
562453578,+1*4/33-4*25/31,1.558147225879089
1502503044,+2*10*14*20/3/24,1.558128280562548
1265975556,-0*32/34-18*30/1,1.5580731847973792
1525022067,+8*8*10*20/3/31,1.5579831707393328
1488252987,+0*3*10*24/29/34,1.55781298659977
556646337,+1*1/24+6*24/11,1.557752985528637
514715403,+0*8/33+1*17/22,1.557408513406834
514724157,+0*8/33+10*21/22,1.557408513406834
840705418,+7*14/25+22*22/30,1.5571344995362006
940302822,+10*17/22+13*21/33,1.5566037665624983
868905255,+8*10/3-5*13/31,1.5564562487632414
868906338,+8*10/3-6*17/24,1.5564562487632414
959370052,+10*34/22-18*30/1,1.5564473642332637
197550291,+1*8-2*30-22*22,1.5561884270863682
572845814,+1*10/33-0*12/8,1.5561856484144063
804200319,+6*14/30+19*24/11,1.556070427871465
858050049,+7*28/11+24*31/0,1.5560024731893851
566540407,+1*7/3+7*22/21,1.5555483872953673
1508738902,+3*16*20*21/11/33,1.555370362656797
1509074162,+3*19*20*21/11/30,1.555370362656797
1495607077,+1*6*9*20/3/33,1.5552568213967115
1171471559,+22*25/21-8*14/7,1.5551798817834552
1488463348,+0*3*24*24/8/11,1.5550229234356676
1540679690,+16*21*24*27/11/33,1.5547797373999102
590734959,+1*22/3+22*25/30,1.5547289290233277
813666906,+6*21/30+24*31/29,1.554721453871673
522532247,+0*13/12+8*25/3,1.554403812191807
1194674594,+24*30/33-1*1/11,1.5543171126308415
607863162,+1*34/11-9*19/20,1.554113441919821
851084248,+7*22/21-10*20/26,1.55382939001813
1332635244,-3*27/17-8*26/1,1.5535687356576189
1504341741,+2*22*24*24/11/20,1.553403344165813
1491400661,+0*12*18*24/11/19,1.553403344165813
1491468551,+0*12*24*33/11/26,1.553403344165813
1334694773,-3*31/1-6*30/2,1.5533744373687788
1513691244,+4*20*24*26/2/21,1.5533739908402446
596300702,+1*25/33-2*14/13,1.5533206615648592
14996544,+1*8*20/16/33,1.5533206615648592
529657901,+0*17/25-12*30/1,1.5532830606287182
1112649025,+17*34/25-4*30/1,1.5530439216648555
1347593887,-4*20/8-14*33/1,1.5525975295588974
1520880109,+6*16*21*24/11/30,1.5521841571075563
525032554,+0*14/33+8*24/21,1.5519868817449582
619644956,+2*8/3-8*14/10,1.551775723553673
868908960,+8*10/3-9*16/2,1.551775723553673
868912744,+8*10/3-14*15/21,1.551775723553673
868916164,+8*10/3-19*29/2,1.551775723553673
868917309,+8*10/3-21*34/24,1.551775723553673
868918441,+8*10/3-24*32/31,1.551775723553673
868903035,+8*10/3-3*7/24,1.551775723553673
1157496643,+21*22/10-9*9/11,1.5516952720512782
151249988,+25+28-0-9-21-34,1.5516202628096638
571838832,+1*10/7+24*24/11,1.551294670441008
1503061943,+2*12*20*21*25/11,1.5511557681908748
1505227682,+3*4*6*20*21/11,1.5511557681908748
1587486589,-9*12*16*18/8/11,1.5511255700884226
1587530988,-9*12*19*20/8/11,1.5511255700884226
25616710,-9*14*19/8/11,1.5511255700884226
311369027,+6*32+22*34-9*12,1.5510721863278645
1265973209,-0*32/34-14*33/1,1.5508105291734384
1171770212,+22*26*29-0*25*29,1.5507803522675558
736478226,+4*24/11-17*25/13,1.5507331406287077
736479879,+4*24/11-20*27/13,1.5507331406287077
736479614,+4*24/11-19*34/13,1.5507331406287077
736480309,+4*24/11-21*26/13,1.5507331406287077
736477267,+4*24/11-15*33/13,1.5507331406287077
736480838,+4*24/11-22*29/13,1.5507331406287077
736480770,+4*24/11-22*27/11,1.5507331406287077
736480108,+4*24/11-20*34/11,1.5507331406287077
736482855,+4*24/11-28*33/11,1.5507331406287077
736483156,+4*24/11-30*31/13,1.5507331406287077
975767376,+11*24/14-11*11/4,1.5507331406287077
1520912597,+6*16*24*33/11/26,1.5507331406287077
1521148835,+6*18*24*30/11/26,1.5507331406287077
1540838529,+16*24*24*30/11/26,1.5507331406287077
1542297706,+18*24*24*33/11/26,1.5507331406287077
736471186,+4*24/11-8*10/13,1.5507331406287077
736477166,+4*24/11-15*30/11,1.5507331406287077
736466992,+4*24/11-3*28/13,1.5507331406287077
736462929,+4*24/11-0*4/13,1.5507331406287077
736458195,+4*24/11+18*32/13,1.5507331406287077
736472737,+4*24/11-9*31/11,1.5507331406287077
851081043,+7*22/21-6*29/24,1.550594319774332
569067019,+1*8/24+3*26/21,1.5503510766390454
1492991692,+1*1*1*8/9/24,1.5503229942616443
813762152,+6*21/33+10*10/22,1.5502654898506392
1239465277,-0*0*34-4*24*32,1.55018928874144
568782183,+1*8/16-30*33/4,1.5501566939837517
1489570774,+0*6*12*24*25/11,1.550066708669252
1157937102,+21*22/30-14*14/13,1.5497705482672075
1509344542,+3*22*25*31/21/29,1.549739801644931
1535073588,+12*14*22*31/21/29,1.549739801644931
1313756322,-2*31/8-20*30/1,1.5496411038632556
1183489229,+23*28/1-30*34/20,1.5496262396195282
1399330593,-7*30/1-30*34/20,1.5496262396195282
813686108,+6*21/30-20*32/28,1.5496174036995434
1566084902,-3*9*20*30/11/13,1.5495138334455787
264555124,+4*11+5*7-9*14,1.549427015945239
1240274924,-0*1*13-8*24*29,1.549401721099689
525039005,+0*14/33+17*21/29,1.549326449973265
1475470116,-18*33/1-32*33/34,1.5492333596884815
1486907112,+0*1*1*8/18/30,1.54921238347525
569450301,+1*8/33-4*6/10,1.54921238347525
569329807,+1*8/30-4*12/10,1.54921238347525
972177021,+11*21/6-3*9/8,1.549086665374734
613859117,+2*4/30+17*24/11,1.5490053106804005
1601111633,-18*25*26*32/0/21,1.5488075490496205
1599675332,-16*25*32*33/0/21,1.5488075490496205
577823964,+1*13/33-1*3/27,1.5485421873517378
816715278,+6*24/4-26*31/7,1.5481526778403083
816713359,+6*24/4-21*28/7,1.5481526778403083
816715609,+6*24/4-27*33/7,1.5481526778403083
816715941,+6*24/4-29*30/7,1.5481526778403083
816716472,+6*24/4-32*34/7,1.5481526778403083
816696508,+6*24/4-0*22/7,1.5481526778403083
816704337,+6*24/4-8*15/7,1.5481526778403083
588339031,+1*20/19+1*27/33,1.5481127492633662
1594614907,-12*20*32*33/21/34,1.5479550164158895
946312248,+10*22/24+25*26/21,1.5478669645421657
1430609742,-10*26/8-14*30/1,1.5477867445455735
197617222,+1*8-7*26-13*19,1.547780745627608
569276152,+1*8/29+12*24/11,1.5476083914211205
1487413167,+0*1*22*25/14/19,1.5475996641701184
778373606,+5*24/21+7*22/21,1.547494432942635
1198717186,+25*26/0+27*28/7,1.547418809976109
1204193041,+25*33/0+28*28/7,1.547418809976109
600965550,+1*29/7+25*31/21,1.547418809976109
1509171979,+3*20*21*24/11/26,1.547396170613683
1313034153,-2*30/1-4*32/34,1.547072896884
570273368,+1*9/11-3*26/11,1.5470721226047186
1144793302,+20*21/30-2*4/1,1.546853266951043
1513648748,+4*20*20*21*21/11,1.5467841492987928
17513769,+6*12*21*24/11,1.5466923428544928
524901498,+0*14/30+1*4/31,1.5465363282015263
306038631,+6*22-2*22-13*13,1.5465164782644418
954327888,+10*29/30-1*30/17,1.5462881536311248
231011792,+2*22-3*16-12*25,1.54624347522026
1495609059,+1*6*9*22/3/14,1.5460902308879076
590739511,+1*22/3-1*16/13,1.5460902308879076
1481075626,-21*30/1-26*28/8,1.546038011740528
832174378,+7*8/21-3*7/28,1.5460238405111806
864924081,+7*34/11-9*19/8,1.5459883604801772
1365664709,-5*21/11-9*19/8,1.5459883604801772
1291165009,-1*32/11-9*19/8,1.5459883604801772
1320748094,-3*9/8-15*31/11,1.5459883604801772
868891859,+8*10/3+13*34/26,1.545901982718216
748344595,+4*33/21-24*26/17,1.5458841283794598
1493187775,+1*1*6*13/19/33,1.545718087031872
1493495948,+1*1*20*22/3/33,1.545718087031872
1495598604,+1*6*9*13/3/30,1.545718087031872
1497733890,+1*13*20*21/3/33,1.545718087031872
1496383815,+1*8*13*20/19/33,1.545718087031872
1496691346,+1*9*13*31/3/33,1.545718087031872
1493185996,+1*1*6*12/3/33,1.545718087031872
569337323,+1*8/30-12*27/28,1.545718087031872
569448749,+1*8/33-2*22/10,1.545718087031872
569454488,+1*8/33-8*19/0,1.545718087031872
569329028,+1*8/30-3*19/25,1.545718087031872
503823667,+0*2/33-14*18/1,1.545718087031872
536297187,+0*21/33+1*7/3,1.545718087031872
569328023,+1*8/30-2*21/10,1.545718087031872
596309946,+1*25/33-12*19/6,1.545718087031872
604159681,+1*31/18-30*30/6,1.545718087031872
577835906,+1*13/33-14*14/10,1.545718087031872
577837326,+1*13/33-16*18/8,1.545718087031872
657161738,+2*33/21+6*25/24,1.5457165150013938
695136907,+3*26/21+6*25/24,1.5457165150013938
818605600,+6*25/24+14*25/21,1.5457165150013938
438035088,+22*32+22*34-9*16,1.545655289687973
817154361,+6*24/18-8*21/7,1.5453888449852575
1601399739,-19*20*26*32/0/21,1.545362366198201
1506318291,+3*6*19*24/10/11,1.5452428816355666
332108127,+8*17+26*29-9*16,1.5451552943512932
1008733429,+12*31/21+15*26/5,1.5449747220656314
1421481547,-9*27/24-26*31/1,1.5448208299333683
1287529301,-1*26/27-21*21/4,1.5445971829527927
794682419,+6*8/3+20*21/24,1.5445019250239105
151829802,+25-0-1-5-9-10,1.5442428638620167
1488421931,+0*3*20*20*21/11,1.544232132055824
1491825379,+0*14*22*22/16/30,1.544204241511389
813661943,+6*21/30+15*16/26,1.544124480193144
822493171,+6*28/30-6*27/9,1.544124480193144
1144807475,+20*21/30-19*25/0,1.544124480193144
1144795844,+20*21/30-4*18/0,1.544124480193144
1144794833,+20*21/30-3*18/14,1.544124480193144
1144794383,+20*21/30-3*4/27,1.544124480193144
537847648,+0*22/33+6*21/30,1.544124480193144
804213128,+6*14/30-8*12/28,1.544124480193144
524915803,+0*14/30+17*29/31,1.544124480193144
524907178,+0*14/30+6*21/30,1.544124480193144
511154253,+0*6/33+13*24/21,1.54412106745585
511145564,+0*6/33+3*26/21,1.54412106745585
511156467,+0*6/33+16*31/21,1.54412106745585
591532038,+1*22/24+25*33/21,1.544008410086235
884754048,+8*22/12-6*31/1,1.5438588302238223
1175656647,+22*30/21-7*26/17,1.5436972909989832
619634456,+2*8/3+24*30/21,1.5436463413548285
1246067073,-0*7/8-14*33/1,1.5435671980921966
1423908785,-9*34/8-14*33/1,1.5435671980921966
1335987391,-3*33/12-25*31/1,1.5434640699156823
1459732137,-14*30/1-18*23/3,1.543349563007981
1459731943,-14*30/1-17*34/8,1.543349563007981
1459732406,-14*30/1-18*31/8,1.543349563007981
1459731773,-14*30/1-17*29/3,1.543349563007981
1459731895,-14*30/1-17*32/27,1.543349563007981
1459732688,-14*30/1-19*23/27,1.543349563007981
1459733927,-14*30/1-21*32/8,1.543349563007981
1458026086,-14*23/8-19*33/1,1.543349563007981
1454747315,-13*32/8-14*33/1,1.543349563007981
1459734060,-14*30/1-22*23/8,1.543349563007981
1459730555,-14*30/1-15*29/8,1.543349563007981
1460444649,-14*33/1-17*17/27,1.543349563007981
1437443318,-11*21/8-16*33/1,1.543349563007981
1436020943,-11*17/8-19*33/1,1.543349563007981
1435652355,-11*16/8-14*30/1,1.543349563007981
1435285483,-11*15/8-18*33/1,1.543349563007981
1437788778,-11*22/8-14*33/1,1.543349563007981
1430250961,-10*25/8-18*33/1,1.543349563007981
1429515647,-10*23/8-16*33/1,1.543349563007981
1433705550,-11*11/3-14*30/1,1.543349563007981
1432701749,-10*32/8-19*33/1,1.543349563007981
1448093255,-12*31/8-14*33/1,1.543349563007981
1443081202,-12*15/8-19*33/1,1.543349563007981
1441839783,-11*34/27-14*30/1,1.543349563007981
1475467210,-18*33/1-21*34/8,1.543349563007981
1475466681,-18*33/1-20*32/8,1.543349563007981
1475466152,-18*33/1-19*31/8,1.543349563007981
1475467277,-18*33/1-22*23/8,1.543349563007981
1472900338,-17*34/27-18*33/1,1.543349563007981
1469197522,-16*33/1-31*32/8,1.543349563007981
1469197142,-16*33/1-29*29/27,1.543349563007981
1469196097,-16*33/1-25*28/8,1.543349563007981
1472118468,-17*30/8-18*33/1,1.543349563007981
1471856330,-17*28/27-19*33/1,1.543349563007981
1477847480,-19*33/1-25*34/8,1.543349563007981
1477846984,-19*33/1-24*29/8,1.543349563007981
1475469347,-18*33/1-28*28/27,1.543349563007981
1469195038,-16*33/1-22*29/8,1.543349563007981
1461504513,-15*17/8-16*33/1,1.543349563007981
1295623390,-2*5/8-19*33/1,1.543349563007981
1295620316,-2*5/8-14*30/1,1.543349563007981
1244278453,-0*5/8-18*33/1,1.543349563007981
1254858500,-0*17/27-16*33/1,1.543349563007981
784284429,+5*29/8-14*33/1,1.543349563007981
1387069125,-6*33/8-14*30/1,1.543349563007981
1385612442,-6*30/1-16*30/8,1.543349563007981
1368311227,-5*26/8-16*33/1,1.543349563007981
1337078403,-4*4/1-18*33/1,1.543349563007981
1339262862,-4*7/8-18*33/1,1.543349563007981
1339260317,-4*7/8-14*30/1,1.543349563007981
1314262680,-2*32/3-14*30/1,1.543349563007981
1352464904,-4*28/27-14*33/1,1.543349563007981
14533883,+0*14*20*25/3,1.5431176124881074
884586089,+8*22/6-3*9/7,1.5430641601806032
1335843841,-3*33/4-6*32/11,1.5430341929249247
197547999,+1*8-2*26-13*21,1.542997033247505
758131828,+5*10/1-8*30/24,1.542909241573997
749809930,+4*34/29+6*21/30,1.5428870027156951
1192849098,+24*28/21+24*32/7,1.5428373433856493
986075941,+11*34/7+24*28/21,1.5428373433856493
837270079,+7*12/3+10*34/22,1.5427458838004386
888112246,+8*25/3-14*29/4,1.54261372029243
1491333530,+0*12*14*21*24/11,1.542544372465624
1150877358,+20*28/21-7*26/17,1.542467883162628
1512590768,+4*12*24*33/11/30,1.5422650742113295
210626193,+1*26-0*14-7*30,1.54222582767006
600451225,+1*28/30-4*30/19,1.5420142435138475
600451086,+1*28/30-4*26/12,1.5420142435138475
600444116,+1*28/30+25*25/18,1.5420142435138475
600465309,+1*28/30-26*27/22,1.5420142435138475
600465206,+1*28/30-25*33/19,1.5420142435138475
600464972,+1*28/30-25*26/16,1.5420142435138475
1144810295,+20*21/30-26*26/10,1.5419500898673109
1144793278,+20*21/30-2*3/12,1.5419500898673109
1144794201,+20*21/30-2*31/10,1.5419500898673109
1144794317,+20*21/30-2*34/27,1.5419500898673109
1144808194,+20*21/30-20*31/27,1.5419500898673109
813662049,+6*21/30+15*19/33,1.5417273881787057
813659302,+6*21/30+11*22/29,1.5417273881787057
813656002,+6*21/30+7*24/33,1.5417273881787057
804218191,+6*14/30-14*25/1,1.5417273881787057
804213160,+6*14/30-8*13/27,1.5417273881787057
1157933554,+21*22/30-9*22/0,1.5417273881787057
804212999,+6*14/30-8*8/31,1.5417273881787057
1144808426,+20*21/30-21*24/28,1.5417273881787057
813662971,+6*21/30+16*28/30,1.5417273881787057
1044183992,+14*21/30-9*21/28,1.5417273881787057
813677380,+6*21/30-8*14/25,1.5417273881787057
813665054,+6*21/30+20*25/30,1.5417273881787057
1509485653,+3*25*27*30/14/21,1.5416591496680807
979109453,+11*27/17+16*28/21,1.541451265684767
980177406,+11*28/17+18*28/21,1.541451265684767
1090009048,+16*28/21-29*32/17,1.541451265684767
1123067710,+18*28/21-31*32/17,1.541451265684767
1580026762,-6*19*26*32/21/34,1.5413551087090036
577690144,+1*13/30+8*11/29,1.541260982706211
1500562988,+2*4*24*24/11/18,1.5412592463117976
644602338,+2*24/11+4*19/26,1.5412592463117976
1499603684,+2*2*24*24/11/26,1.5412592463117976
1505553571,+3*4*24*24/11/26,1.5412592463117976
1535725272,+12*19*24*25/11/26,1.5412592463117976
1513588985,+4*19*22*24/11/18,1.5412592463117976
1512547558,+4*12*20*24/11/26,1.5412592463117976
1501855104,+2*8*10*30/3/12,1.5412484931245125
1543067231,+20*20*24*24/0/11,1.541095323796396
868909974,+8*10/3-10*21/27,1.5410712432415956
1509084218,+3*19*21*21*25/11,1.5410280395099498
1144796101,+20*21/30-4*25/28,1.540961690865758
1491464664,+0*12*24*27/11/13,1.540951414106681
26569501,-12*30*33/1/13,1.5408992382628812
1422451509,-9*30/8-19*33/1,1.5408828533700687
570253554,+1*9/11+4*25/31,1.5406747369191078
1112762325,+17*34/29-16*30/1,1.5405474034135167
537719397,+0*22/30+1*8/3,1.5405076735324492
777987325,+5*24/10+13*21/33,1.540442208093818
1447747006,-12*30/1-18*33/16,1.5400636535379515
712923789,+4*8/3+7*25/21,1.5399561660053074
1469384690,-16*34/1-22*32/24,1.5396766864403697
1485021468,-25*33/8-27*30/1,1.5396762573711038
1489671400,+0*6*18*21*24/11,1.5395411917800563
14163406,+0*2*6*24/11,1.5395411917800563
1540147326,+16*16*20*28/11/30,1.5394430597794777
1144795276,+20*21/30-3*31/28,1.5394320449754793
1144795247,+20*21/30-3*30/33,1.5394320449754793
1144795072,+20*21/30-3*25/22,1.5394320449754793
1144794796,+20*21/30-3*17/10,1.5394320449754793
1144795651,+20*21/30-4*12/6,1.5394320449754793
1144802666,+20*21/30-12*12/18,1.5394320449754793
813662409,+6*21/30+15*30/29,1.539421577856699
1512928687,+4*14*20*24/0/11,1.5390915704983612
1475158328,-18*31/1-19*30/16,1.5389762476267137
1498755499,+1*21*24*31/3/7,1.5389723506019009
590742676,+1*22/3-4*16/8,1.5389032909985032
818413867,+6*25/18-8*9/7,1.5388488164885166
888108637,+8*25/3-9*34/31,1.538794117701792
888107883,+8*25/3-9*12/2,1.538794117701792
888090638,+8*25/3+13*26/14,1.538794117701792
951224004,+10*27*30-6*17*25,1.53878123557528
511021839,+0*6/30+4*11/28,1.5386866536934978
1071856591,+15*29/5+25*26/21,1.538683357708695
1400679743,-7*33/8-12*34/7,1.5386364903927656
1509198132,+3*20*24*24/11/19,1.5386257008456825
14730765,+1*1*8/30/34,1.5386170756436404
1597344589,-14*20*25*26*32/34,1.5385970491757932
1447354197,-12*28/25-14*33/1,1.5385174529373031
1460444742,-14*33/1-17*20/21,1.5385174529373031
1459734878,-14*30/1-24*24/34,1.5385174529373031
1421828220,-9*28/21-18*33/1,1.5385174529373031
1384926598,-6*28/21-14*33/1,1.5385174529373031
1153555142,+20*31/26-19*30/1,1.5385174529373031
1192783338,+24*28/18-0*27/12,1.5384557372864829
705521558,+3*34/22+13*21/3,1.538452585762203
1498739034,+1*21*22*31/3/33,1.5383294400765493
1195239463,+24*31/21-10*17/5,1.5382586458679173
1022513461,+13*22/3+24*24/11,1.53824238725564
542264000,+0*25/30+8*10/3,1.5380632203789468
1189307558,+24*24/11-8*12/13,1.537921764771653
1334139932,-3*30/1-29*33/12,1.5379019878277191
1123055344,+18*28/21-7*30/17,1.537772685809781
1474354877,-18*26/1-19*29/30,1.537687038783759
1537824406,+14*14*22*22/12/30,1.537649695622505
745888138,+4*31/21-29*32/17,1.537450069312195
946469784,+10*22/29-0*0/7,1.5374210096505845
931558331,+10*10/24-3*18/27,1.5373287154769095
458199076,-0*9-15*24-27*29,1.537301104493145
472694952,-2*29-9*16-15*18,1.537301104493145
569065929,+1*8/24+2*25/21,1.5371459880122305
569069694,+1*8/24+6*17/21,1.5371459880122305
569080965,+1*8/24+22*30/21,1.5371459880122305
569079873,+1*8/24+20*24/21,1.5371459880122305
569079608,+1*8/24+19*31/21,1.5371459880122305
569076005,+1*8/24+13*33/21,1.5371459880122305
1119159071,+18*24/11-18*24/13,1.5371354968173454
1119157981,+18*24/11-16*26/13,1.5371354968173454
1119159798,+18*24/11-19*30/13,1.5371354968173454
1085927381,+16*24/11-19*33/13,1.5371354968173454
1119145722,+18*24/11-2*12/13,1.5371354968173454
1541977738,+18*19*24*24/11/16,1.5371354968173454
1133770061,+19*24/11-19*26/13,1.5371354968173454
710103682,+4*6/14-3*9/11,1.5370503995966764
511148046,+0*6/33+6*11/26,1.536998895294713
511152444,+0*6/33+11*14/30,1.536998895294713
619626142,+2*8/3+10*24/4,1.536983325124046
1538445373,+14*19*20*21*25/11,1.536713240770596
1521200002,+6*19*20*20*21/11,1.536713240770596
1492118322,+0*16*21*21*24/11,1.536713240770596
1200803692,+25*28/21-1*33/17,1.5364832540769058
1520050442,+6*12*12*20*25/11,1.5362270805402236
851091751,+7*22/21-22*25/26,1.5361950398514763
1190686279,+24*26*28-14*17*28,1.5361918415545488
14639570,+0*21*21/12/33,1.5361402031675178
1163266845,+21*28/33-25*30/14,1.5360235701181628
600548750,+1*28/33+4*19/18,1.5360235701181628
1399837225,-7*31/8-25*34/7,1.5359086654193743
1542136979,+18*21*24*27/11/30,1.535744809349806
511147386,+0*6/33+5*20/27,1.535575174931184
736825357,+4*24/21+22*25/24,1.5355689609337404
511160690,+0*6/33+25*33/10,1.5354412020594388
523351081,+0*13/33+3*15/8,1.5354412020594388
523349101,+0*13/33+1*20/10,1.5354412020594388
523352701,+0*13/33+4*33/10,1.5354412020594388
511155383,+0*6/33+15*17/28,1.5354412020594388
523366815,+0*13/33+26*31/10,1.5354412020594388
523354056,+0*13/33+6*15/10,1.5354412020594388
523366153,+0*13/33+24*30/10,1.5354412020594388
617404919,+2*6/33+19*24/11,1.5353816975418593
851065601,+7*22/21+13*17/22,1.535222161374151
1334139616,-3*30/1-28*29/27,1.5351086152169726
1334139747,-3*30/1-28*33/26,1.5351086152169726
1334139806,-3*30/1-29*29/19,1.5351086152169726
1334139979,-3*30/1-29*34/26,1.5351086152169726
1335823510,-3*33/1-28*28/10,1.5351086152169726
1505557942,+3*4*24*30/2/16,1.5350339419192611
825695198,+6*31/18-3*9/11,1.5349927560732266
1492538907,+0*20*21*22*24/11,1.5349903683555557
813659540,+6*21/30+11*30/1,1.5349089522005102
215624646,+1*33-0*14-12*29,1.5348005090372845
591531646,+1*22/24+24*31/27,1.534722410222796
1208611298,+26*29/21-3*9/17,1.534715290335653
1125977294,+18*31/33+24*28/11,1.5345834389690782
1459731819,-14*30/1-17*30/16,1.5345462445338862
1459731926,-14*30/1-17*33/25,1.5345462445338862
1459731598,-14*30/1-17*23/28,1.5345462445338862
1459731518,-14*30/1-17*21/12,1.5345462445338862
1459733175,-14*30/1-20*23/16,1.5345462445338862
1459733654,-14*30/1-21*23/34,1.5345462445338862
1459733009,-14*30/1-19*33/16,1.5345462445338862
1459732447,-14*30/1-18*32/16,1.5345462445338862
1459733671,-14*30/1-21*24/16,1.5345462445338862
1441153964,-11*32/19-14*30/1,1.5345462445338862
1441471182,-11*33/20-14*30/1,1.5345462445338862
1440293165,-11*29/28-14*30/1,1.5345462445338862
1459729997,-14*30/1-14*32/12,1.5345462445338862
1458169562,-14*23/30-14*30/1,1.5345462445338862
1456477359,-14*17/19-18*33/1,1.5345462445338862
1456393350,-14*17/6-16*33/1,1.5345462445338862
1469618743,-17*17/6-18*33/1,1.5345462445338862
1471718430,-17*28/0-18*33/1,1.5345462445338862
1469720891,-17*17/25-19*33/1,1.5345462445338862
1469192549,-16*33/1-17*28/34,1.5345462445338862
1469192173,-16*33/1-17*17/21,1.5345462445338862
1475469685,-18*33/1-29*33/0,1.5345462445338862
1600941444,-18*21*33*33/1/30,1.5345462445338862
1477848134,-19*33/1-28*29/34,1.5345462445338862
1475469147,-18*33/1-27*29/25,1.5345462445338862
1459735921,-14*30/1-27*29/16,1.5345462445338862
1459736467,-14*30/1-29*32/34,1.5345462445338862
1468615704,-16*30/1-33*33/30,1.5345462445338862
1460449750,-14*33/1-29*33/34,1.5345462445338862
1460447028,-14*33/1-21*27/25,1.5345462445338862
1437528150,-11*21/18-14*30/1,1.5345462445338862
1352622354,-4*29/1-19*33/1,1.5345462445338862
1375903742,-6*11/12-14*30/1,1.5345462445338862
1382201954,-6*23/0-14*30/1,1.5345462445338862
1350625166,-4*25/16-14*30/1,1.5345462445338862
1337387329,-4*4/21-14*33/1,1.5345462445338862
1342232267,-4*11/26-14*30/1,1.5345462445338862
1345806224,-4*17/10-14*33/1,1.5345462445338862
1345952794,-4*17/20-19*33/1,1.5345462445338862
1345968215,-4*17/21-18*33/1,1.5345462445338862
1421770860,-9*28/16-14*30/1,1.5345462445338862
1414528055,-9*11/2-14*30/1,1.5345462445338862
1419914469,-9*23/26-14*30/1,1.5345462445338862
1389815835,-7*10/16-14*30/1,1.5345462445338862
1387625210,-6*34/16-14*30/1,1.5345462445338862
1390468656,-7*11/25-14*30/1,1.5345462445338862
1326384433,-3*17/16-18*33/1,1.5345462445338862
1249598724,-0*11/10-14*30/1,1.5345462445338862
551055075,+0*31/33-19*30/1,1.5345462445338862
1250545474,-0*12/16-14*30/1,1.5345462445338862
1322527793,-3*11/30-16*33/1,1.5345462445338862
1304814293,-2*17/19-16*33/1,1.5345462445338862
1421620319,-9*28/1-19*33/1,1.5345462445338862
1421814813,-9*28/20-14*33/1,1.5345462445338862
1436932756,-11*19/30-18*33/1,1.5345462445338862
1427335828,-10*17/21-19*33/1,1.5345462445338862
1431523754,-10*28/30-14*30/1,1.5345462445338862
1431874483,-10*29/30-16*33/1,1.5345462445338862
577058127,+1*13/14+21*29/33,1.5345413489244366
197174269,+1*8+7*24-0*2,1.534467425680456
1196870478,+24*33/26-10*27/11,1.5344171048812358
1538150415,+14*16*24*24/11/20,1.5343344351603294
817244671,+6*24/21+18*28/24,1.534182915246539
1025127133,+13*24/21+19*28/24,1.534182915246539
1504692167,+3*3*4*31/21/29,1.5341730458489595
1448608492,-12*33/1-26*30/8,1.5340895083207968
569327920,+1*8/30-2*18/6,1.53401311279585
18855518,+10*13*24/4/29,1.5339852382088108
23364435,+1+22-0-2-9-29,1.5339848821943742
591525702,+1*22/24+13*28/0,1.533972300637383
745870026,+4*31/21-1*30/17,1.5339122206555142
204184266,+1*17-4*13-25*33,1.5339000828371256
888097201,+8*25/3+26*29/31,1.5338572287658367
600473559,+1*28/31+8*25/3,1.5338572287658367
206295075,+1*20-0*14-3*21,1.5336929836833972
210499317,+1*26+17*22-0*14,1.5336929836833972
813656106,+6*21/30+7*28/3,1.533679638552158
813667146,+6*21/30+25*29/3,1.533679638552158
813661228,+6*21/30+14*15/3,1.533679638552158
813656144,+6*21/30+7*29/9,1.533679638552158
813667775,+6*21/30+27*31/3,1.533679638552158
813656090,+6*21/30+7*27/21,1.533679638552158
813655643,+6*21/30+7*14/2,1.533679638552158
1017512800,+13*17/22-8*14/30,1.5335639614409655
945095647,+10*21/22-8*14/30,1.5335639614409655
1506302032,+3*6*18*21*25/11,1.533488843095549
1508749975,+3*16*21*22*25/11,1.533488843095549
1368349974,-5*26/11-9*27/20,1.5334711608784892
20806128,+22*24*26*27/21,1.5332370604949357
511021775,+0*6/30+4*9/30,1.5331056523579298
511022092,+0*6/30+4*19/16,1.5331056523579298
511023762,+0*6/30+6*11/0,1.5331056523579298
511019761,+0*6/30+2*11/31,1.5331056523579298
511023983,+0*6/30+6*17/25,1.5331056523579298
511018599,+0*6/30+1*9/25,1.5331056523579298
511018666,+0*6/30+1*11/26,1.5331056523579298
511024206,+0*6/30+6*24/16,1.5331056523579298
511018869,+0*6/30+1*17/31,1.5331056523579298
511019680,+0*6/30+2*9/16,1.5331056523579298
511028311,+0*6/30+11*18/25,1.5331056523579298
511028412,+0*6/30+11*21/27,1.5331056523579298
511026441,+0*6/30+9*11/3,1.5331056523579298
511026661,+0*6/30+9*17/27,1.5331056523579298
524911639,+0*14/30+11*26/31,1.5331056523579298
524911735,+0*14/30+11*29/27,1.5331056523579298
524916022,+0*14/30+18*19/16,1.5331056523579298
524938446,+0*14/30-21*22/31,1.5331056523579298
537719847,+0*22/30+1*21/25,1.5331056523579298
537750106,+0*22/30-11*22/10,1.5331056523579298
523233349,+0*13/30+9*20/30,1.5331056523579298
524907543,+0*14/30+6*32/31,1.5331056523579298
524909921,+0*14/30+9*23/31,1.5331056523579298
511051448,+0*6/30-14*22/25,1.5331056523579298
511030550,+0*6/30+14*20/16,1.5331056523579298
884956154,+8*22/18-12*30/1,1.5330935252459843
1501247737,+2*6*14*21*24/11,1.5330827093297952
214206552,+1*31-0*21-3*25,1.532919235815989
511146379,+0*6/33+4*20/10,1.5328453368784447
868873524,+8*10/2-6*31/1,1.5328090279250923
442748346,+24*28-0*0-7*29,1.5328013717489244
597742801,+1*26/33-6*25/8,1.5327637185913183
1521144271,+6*18*24*24/11/14,1.5327094049846477
1520183617,+6*12*20*24/11/14,1.5327094049846477
1488425971,+0*3*20*24*25/11,1.5327094049846477
814956909,+6*22/30+9*32/31,1.532652358892955
814954464,+6*22/30+7*11/31,1.532652358892955
814972778,+6*22/30-4*22/31,1.532652358892955
1509444176,+3*24*26*29/5/21,1.5325716661837037
1602808079,-22*25*32*33/21/21,1.5325490726804802
1247913037,-0*9/13-3*9/11,1.5323486042472565
511145208,+0*6/33+3*15/29,1.532254046065179
523351729,+0*13/33+3*34/29,1.532254046065179
524905378,+0*14/30+4*26/13,1.532254046065179
946348746,+10*22/25-3*9/7,1.532210631318548
1530992117,+10*12*19*21*33/11,1.5321557442027105
1538122086,+14*16*21*22*33/11,1.5321557442027105
851063783,+7*22/21+10*31/21,1.5321174302235927
197617118,+1*8-7*26-9*9,1.532084794105119
197630519,+1*8-9*9-14*29,1.532084794105119
1536091354,+12*25*26*31/2/21,1.5320756890361564
813665955,+6*21/30+22*26/3,1.5320121019616482
575812638,+1*12/24+16*17/11,1.5319243290037454
591541991,+1*22/24-8*10/26,1.5318208076539337
1512543713,+4*12*20*20/11/30,1.5318116394579735
813759904,+6*21/33+7*20/21,1.5316000074027247
1518240000,+6*6*9*19/12/30,1.531511333489589
597642593,+1*26/31+6*21/30,1.531276305296978
813659668,+6*21/30+11*33/31,1.531276305296978
813662080,+6*21/30+15*20/31,1.531276305296978
197000257,+1*8+2*15-8*12,1.5312568883826625
977275398,+11*25/29+17*22/21,1.5312258420396592
793299538,+6*7/8+22*22/30,1.5311968271784555
1493795477,+1*2*8*9/3/34,1.531171232748152
1571736213,-4*14*24*29/17/32,1.5311321995797305
1579209906,-6*13*27*29/9/32,1.5311321995797305
1577131217,-6*6*14*29/9/32,1.5311321995797305
1564287087,-3*4*20*29/17/32,1.5311321995797305
569336946,+1*8/30-12*16/13,1.5310067645579415
569341619,+1*8/30-19*24/27,1.5310067645579415
1239280282,-0*0*10-6*30*32,1.530821250005525
709763695,+4*6/3+24*27/11,1.5307351096636992
511158451,+0*6/33+20*25/21,1.530702619175539
197174521,+1*8+7*24-8*12,1.5306651360736383
196983566,+1*8+1*34-3*21,1.5306063152855265
884989428,+8*22/19-13*21/1,1.530598200147713
1423113677,-9*32/1-19*30/1,1.530581530568209
1495818729,+1*6*21*22/3/12,1.5305670926058563
1487410192,+0*1*22*22/3/19,1.5305670926058563
590739105,+1*22/3-1*4/3,1.5305670926058563
590299498,+1*21/31+8*12/3,1.5305670926058563
590742603,+1*22/3-4*14/0,1.5305670926058563
1518276983,+6*6*10*31/21/24,1.53053397189063
214195124,+1*31-0*2-14*34,1.5304649290369698
591550262,+1*22/24-19*30/1,1.530437757978946
591548675,+1*22/24-16*33/1,1.530437757978946
197541772,+1*8-2*15-3*21,1.530409596769937
17673214,+6*22*24/11/34,1.5303797170831597
691682961,+3*24/0-13*33/11,1.5303783485520803
1538799884,+14*24*24*25/11/27,1.5301322346148143
511168016,+0*6/33-5*14/31,1.5300767591049411
511168053,+0*6/33-5*16/0,1.5300767591049411
511167986,+0*6/33-5*13/34,1.5300767591049411
511172522,+0*6/33-10*16/9,1.5300767591049411
511168155,+0*6/33-5*19/3,1.5300767591049411
511168899,+0*6/33-6*12/22,1.5300767591049411
511169184,+0*6/33-6*21/9,1.5300767591049411
511169538,+0*6/33-6*31/34,1.5300767591049411
511170589,+0*6/33-8*8/27,1.5300767591049411
511170770,+0*6/33-8*14/9,1.5300767591049411
511170848,+0*6/33-8*16/22,1.5300767591049411
511171251,+0*6/33-8*28/29,1.5300767591049411
511171322,+0*6/33-8*30/34,1.5300767591049411
511172405,+0*6/33-10*12/26,1.5300767591049411
511172472,+0*6/33-10*14/27,1.5300767591049411
511168519,+0*6/33-5*30/4,1.5300767591049411
511168219,+0*6/33-5*21/1,1.5300767591049411
511168259,+0*6/33-5*22/9,1.5300767591049411
511168130,+0*6/33-5*18/12,1.5300767591049411
511168374,+0*6/33-5*25/26,1.5300767591049411
531600802,+0*18/33-19*24/25,1.5300767591049411
533180411,+0*19/33-2*3/10,1.5300767591049411
533180719,+0*19/33-2*12/21,1.5300767591049411
533181764,+0*19/33-3*12/8,1.5300767591049411
533181889,+0*19/33-3*16/0,1.5300767591049411
533181975,+0*19/33-3*18/22,1.5300767591049411
533189923,+0*19/33-12*16/6,1.5300767591049411
533189996,+0*19/33-12*18/14,1.5300767591049411
531587669,+0*18/33-3*3/9,1.5300767591049411
531588098,+0*18/33-3*16/8,1.5300767591049411
531592956,+0*18/33-8*18/10,1.5300767591049411
531599113,+0*18/33-16*24/21,1.5300767591049411
531600655,+0*18/33-19*20/8,1.5300767591049411
533178496,+0*19/33-0*12/9,1.5300767591049411
1157998961,+21*22/33-2*3/25,1.5300767591049411
1174243158,+22*28/33-4*14/0,1.5300767591049411
1174250599,+22*28/33-12*27/8,1.5300767591049411
1486504134,+0*0*6*18/2/33,1.5300767591049411
1486508497,+0*0*6*22/2/30,1.5300767591049411
1486693738,+0*0*13*22/31/33,1.5300767591049411
1486702869,+0*0*13*34/30/33,1.5300767591049411
1491629750,+0*13*20*28/30/33,1.5300767591049411
1519465135,+6*9*22*28/4/33,1.5300767591049411
533194417,+0*19/33-19*19/6,1.5300767591049411
533197456,+0*19/33-26*27/1,1.5300767591049411
534770439,+0*20/33-16*27/10,1.5300767591049411
537862889,+0*22/33-1*7/29,1.5300767591049411
537865925,+0*22/33-3*34/26,1.5300767591049411
537866493,+0*22/33-4*20/33,1.5300767591049411
537871316,+0*22/33-9*26/33,1.5300767591049411
537874368,+0*22/33-13*25/10,1.5300767591049411
511178239,+0*6/33-18*25/9,1.5300767591049411
511179386,+0*6/33-20*28/34,1.5300767591049411
511175439,+0*6/33-14*14/20,1.5300767591049411
511179816,+0*6/33-21*27/34,1.5300767591049411
511172638,+0*6/33-10*19/28,1.5300767591049411
511172705,+0*6/33-10*21/29,1.5300767591049411
511173234,+0*6/33-11*13/29,1.5300767591049411
511175115,+0*6/33-13*25/27,1.5300767591049411
528349744,+0*16/33-2*3/9,1.5300767591049411
528351110,+0*16/33-3*12/21,1.5300767591049411
528362248,+0*16/33-16*24/25,1.5300767591049411
523364322,+0*13/33+20*24/33,1.5300767591049411
511180374,+0*6/33-22*31/29,1.5300767591049411
511181433,+0*6/33-25*30/29,1.5300767591049411
511181631,+0*6/33-26*27/29,1.5300767591049411
523355166,+0*13/33+7*20/31,1.5300767591049411
511163527,+0*6/33-1*4/34,1.5300767591049411
511150859,+0*6/33+9*15/31,1.5300767591049411
511151023,+0*6/33+9*20/30,1.5300767591049411
511152643,+0*6/33+11*20/31,1.5300767591049411
511153237,+0*6/33+12*15/30,1.5300767591049411
499884364,+0*0/30+0*22/33,1.5300767591049411
511157500,+0*6/33+18*27/30,1.5300767591049411
511157530,+0*6/33+18*28/26,1.5300767591049411
511157713,+0*6/33+18*34/10,1.5300767591049411
511156376,+0*6/33+16*28/30,1.5300767591049411
511167797,+0*6/33-5*8/10,1.5300767591049411
511163800,+0*6/33-1*13/9,1.5300767591049411
511164644,+0*6/33-2*5/28,1.5300767591049411
511164935,+0*6/33-2*14/22,1.5300767591049411
583780380,+1*17/22+6*7/25,1.530056044750383
682396398,+3*17/22+6*7/4,1.530056044750383
793889862,+6*7/25+10*21/22,1.530056044750383
1447684193,-12*29/30-16*26/1,1.530022875261793
767911535,+5*16/33+7*22/21,1.5300221414692428
1290007224,-1*30/17-21*25/27,1.530014249814171
577832285,+1*13/33-9*19/25,1.5297917360881954
580081115,+1*15/8+1*22/24,1.5297796539238222
813657155,+6*21/30+8*32/29,1.5296157963352626
813678836,+6*21/30-9*32/27,1.5296157963352626
1320781997,-3*9/11-14*33/12,1.529507556230132
1504086392,+2*19*20*24/11/30,1.5294101064335932
1503989150,+2*18*20*24/11/33,1.5294101064335932
1503422083,+2*14*18*24/11/30,1.5294101064335932
1503392763,+2*14*16*24/11/33,1.5294101064335932
451893242,+28*34-9*16-15*24,1.529403155956583
1490931377,+0*10*18*25/3/12,1.529303870968452
1397797373,-7*26/21-30*30/21,1.5293023196239597
1397554520,-7*26/1-30*33/21,1.5293023196239597
1386858620,-6*32/26-14*30/1,1.5292987337326245
1431633538,-10*29/4-19*30/1,1.5292987337326245
569065515,+1*8/24+2*13/3,1.5292897133148122
1531435041,+10*14*25*28*33/3,1.5292801477067957
734233420,+4*22/25-3*9/11,1.5292673635254264
511156086,+0*6/33+16*20/2,1.529245692966797
525041456,+0*14/33+21*33/34,1.529209592963453
813771011,+6*21/33+24*33/21,1.5291556340372925
701707983,+3*31/21+6*21/33,1.5291556340372925
1493266934,+1*1*8*31/3/14,1.529150092461767
165602107,+0*1+1*26-0*14,1.529150092461767
512465781,+0*7/21-5*7/17,1.5291241238185198
1267245231,-0*34/31-3*3/14,1.5290646461251391
1496309177,+1*8*10*13/28/33,1.529037042942586
645672735,+2*25/1+10*20/11,1.5290270129936976
14981320,+1*8*9/6/11,1.5288746383728484
570280998,+1*9/11-12*14/8,1.5288746383728484
570271978,+1*9/11-2*16/8,1.5288746383728484
868916683,+8*10/3-20*29/26,1.5288710672927912
868895796,+8*10/3+20*27/30,1.5288710672927912
509165548,+0*5/29+1*22/24,1.5288344032506715
1334124724,-3*30/1-4*23/10,1.528792957331527
1334137251,-3*30/1-21*28/12,1.528792957331527
1334138473,-3*30/1-24*29/10,1.528792957331527
1334139306,-3*30/1-27*27/16,1.528792957331527
1334127400,-3*30/1-7*17/10,1.528792957331527
1334131101,-3*30/1-11*27/10,1.528792957331527
1262883226,-0*28/16-3*30/1,1.528792957331527
1506193586,+3*6*12*16/11/30,1.5287456833221742
1506301606,+3*6*18*20/11/30,1.5287456833221742
658450182,+2*34/21+21*28/7,1.528668448130983
1537433770,+13*22*25*27/7/21,1.528668448130983
1100551600,+17*21/22-16*30/1,1.5286608109431723
204149446,+1*17-2*9-28*29,1.528297648107488
24723466,-6*24*26*32/21,1.5282338151229042
952321685,+10*28*30-12*17*17,1.5282310448031384
952333193,+10*28*31-17*20*28,1.5282310448031384
952352868,+10*28*33-12*17*21,1.5282310448031384
1001209994,+12*24/11-14*30/11,1.5281912770324475
1540523646,+16*19*24*28/11/26,1.5281912770324475
719837105,+4*12/25+24*24/11,1.5281912770324475
1192332440,+24*28*30-6*17*27,1.528037105522384
1508779413,+3*16*24*25/10/11,1.5280286422657612
801479569,+6*12/33+18*24/11,1.5280031308492137
1580110592,-6*20*26*32*33/21,1.5279892326622024
27707873,-20*25*32*33/0,1.5279892326622024
1206225124,+26*26/21-7*33/17,1.5278664895132554
955795166,+10*31/6-19*27/1,1.5278471697627427
570256056,+1*9/11+7*14/22,1.527820383655817
577832035,+1*13/33-9*12/4,1.5278088326436092
853566040,+7*24/21-3*13/20,1.527752885249801
186473402,+0*28+1*8-8*12,1.527665674362634
1109021967,+17*30/21+22*25/24,1.52748777623945
529407333,+0*17/19-7*28/30,1.5274124570904912
590758270,+1*22/3-30*32/34,1.5274038666932317
1086080779,+16*24/18-8*34/11,1.527293785308222
1399330442,-7*30/1-30*30/2,1.5272526738764116
619624241,+2*8/3+8*17/21,1.527070078770857
1192856604,+24*28/21-5*9/7,1.5268800988683575
835028034,+7*10/21-2*29/24,1.5268652106953546
813659070,+6*21/30+11*15/28,1.5267650766197565
850335959,+7*22*30-7*7*20,1.5267577953247584
1189056660,+24*24/0-10*27/11,1.5267297668214277
1447751518,-12*30/1-33*34/25,1.5266812677370385
1488127621,+0*3*6*12*20/11,1.5265768094797378
1190391382,+24*25/21-0*24/7,1.526477782943268
1144799817,+20*21/30-8*24/10,1.5263998112662482
1484903803,-25*31/0-30*34/1,1.5263793623013158
736843652,+4*24/21-17*24/7,1.526363468998822
1462972929,-15*23/8-19*30/1,1.5263057344341466
1462494348,-15*21/8-18*30/1,1.5263057344341466
1462733544,-15*22/8-16*30/1,1.5263057344341466
1467215335,-16*23/8-18*30/1,1.5263057344341466
1465889909,-16*17/8-19*30/1,1.5263057344341466
1459735004,-14*30/1-24*28/27,1.5263057344341466
1468610316,-16*30/1-17*23/3,1.5263057344341466
1468611941,-16*30/1-20*24/8,1.5263057344341466
1468612569,-16*30/1-21*29/8,1.5263057344341466
1468612388,-16*30/1-21*23/27,1.5263057344341466
1468610239,-16*30/1-17*20/27,1.5263057344341466
1452579280,-13*24/8-18*30/1,1.5263057344341466
1436185880,-11*17/27-19*30/1,1.5263057344341466
1435971720,-11*17/3-18*30/1,1.5263057344341466
1434153659,-11*12/8-19*30/1,1.5263057344341466
1438087174,-11*23/3-19*30/1,1.5263057344341466
1438295920,-11*23/27-18*30/1,1.5263057344341466
1437093964,-11*20/8-18*30/1,1.5263057344341466
1427398173,-10*17/27-18*30/1,1.5263057344341466
1430249705,-10*25/8-16*30/1,1.5263057344341466
1432651565,-10*32/3-19*30/1,1.5263057344341466
1433368235,-10*34/8-19*30/1,1.5263057344341466
1432880063,-10*32/27-16*30/1,1.5263057344341466
1432701121,-10*32/8-18*30/1,1.5263057344341466
1438633739,-11*24/27-16*30/1,1.5263057344341466
1443710867,-12*17/3-19*30/1,1.5263057344341466
1454750191,-13*32/8-19*30/1,1.5263057344341466
1475005497,-18*30/1-32*32/27,1.5263057344341466
1475005146,-18*30/1-29*34/8,1.5263057344341466
1475005075,-18*30/1-29*32/3,1.5263057344341466
1475003674,-18*30/1-24*29/27,1.5263057344341466
1477437243,-19*30/1-28*32/27,1.5263057344341466
1477437390,-19*30/1-29*31/8,1.5263057344341466
1468615549,-16*30/1-31*34/8,1.5263057344341466
1468613854,-16*30/1-24*32/3,1.5263057344341466
1468614985,-16*30/1-28*32/8,1.5263057344341466
1244278883,-0*5/8-19*30/1,1.5263057344341466
1262027704,-0*27/8-16*30/1,1.5263057344341466
1313037021,-2*30/1-7*32/27,1.5263057344341466
1317803636,-3*5/8-16*30/1,1.5263057344341466
857967521,+7*28/8-18*30/1,1.5263057344341466
781788579,+5*27/8-18*30/1,1.5263057344341466
982936534,+11*31/3-12*30/1,1.5263057344341466
1387516209,-6*34/8-12*30/1,1.5263057344341466
1389184689,-7*9/8-16*30/1,1.5263057344341466
1395774679,-7*22/8-19*33/1,1.5263057344341466
1335823753,-3*33/1-29*29/21,1.5263057344341466
1351065075,-4*26/8-19*30/1,1.5263057344341466
1350502064,-4*25/8-18*30/1,1.5263057344341466
1572852204,-4*30*34*34/1/27,1.5262684563221418
591531822,+1*22/24+25*27/3,1.5262645397652574
591515892,+1*22/24+2*28/3,1.5262645397652574
